user_id,item_id,rating
146,122,4
364,149,3
53,47,2
154,35,3
233,68,4
270,95,2
440,148,3
461,51,3
148,112,3
269,0,3
11,6,3
308,193,3
76,170,3
36,172,4
335,65,4
89,102,3
238,134,3
50,50,3
372,148,3
382,138,3
287,81,3
417,86,3
218,61,3
93,160,2
75,197,3
109,199,3
100,154,3
161,69,3
107,156,4
295,48,3
74,179,3
310,53,4
167,80,4
343,18,3
256,16,3
452,78,2
219,110,3
147,3,2
294,169,3
329,22,3
219,199,4
279,54,4
235,75,3
152,31,4
156,164,3
453,146,3
337,15,3
47,21,3
481,121,2
356,173,3
25,21,3
363,44,3
294,109,3
457,21,3
244,60,3
259,2,3
157,99,3
160,143,3
308,82,3
413,51,3
445,84,3
385,101,3
304,33,4
250,22,3
169,36,3
383,197,3
159,144,3
133,25,3
433,60,3
294,82,3
177,36,4
432,170,4
481,188,4
158,48,3
260,3,3
241,53,4
350,116,3
475,161,4
274,67,3
399,54,3
297,49,3
443,0,3
202,2,4
192,85,3
211,123,3
498,2,3
305,40,3
76,181,4
20,198,3
259,128,4
402,104,3
239,116,3
280,74,4
399,40,3
258,75,3
454,139,3
318,132,2
365,135,3
390,121,3
313,12,4
25,125,3
213,176,3
70,129,3
255,115,3
71,44,3
254,158,3
171,90,3
10,52,2
62,97,4
251,24,3
39,185,3
427,140,2
379,65,3
354,158,3
86,10,3
397,77,3
317,130,3
195,4,3
0,141,3
264,163,4
397,118,3
16,41,3
26,149,3
191,67,4
255,147,3
237,125,3
213,18,3
127,19,3
29,3,4
15,14,3
49,59,3
345,5,3
392,187,3
217,183,3
38,34,3
207,62,4
492,148,3
124,132,4
245,116,3
268,197,3
164,125,4
219,133,3
235,100,3
236,105,3
358,58,4
290,104,3
26,183,2
3,75,3
205,26,4
453,119,3
18,157,4
35,191,2
339,108,3
225,157,2
115,50,4
103,84,3
332,83,3
261,66,3
319,143,3
140,176,3
263,65,3
430,27,3
158,165,3
198,169,4
81,186,3
319,51,4
16,143,3
124,143,3
356,158,4
9,161,4
494,190,3
202,95,2
199,15,3
268,38,3
319,177,3
229,168,2
442,2,4
481,73,4
100,49,4
353,64,4
150,127,3
497,102,3
126,96,3
147,87,2
357,128,3
394,136,3
64,8,3
277,27,3
172,68,4
305,87,4
278,199,3
492,178,3
466,129,4
326,7,3
339,20,3
449,91,3
91,117,3
362,132,2
386,28,3
63,177,2
440,98,3
349,118,3
173,7,3
242,164,3
244,108,3
459,44,3
484,63,3
403,70,3
326,5,3
52,188,3
457,160,3
66,177,3
83,70,2
34,111,3
473,91,3
246,95,3
117,117,3
40,90,3
205,154,3
361,11,3
497,38,3
276,178,3
303,176,3
417,163,3
450,73,3
139,91,3
495,5,3
259,55,2
465,145,3
58,68,3
48,96,2
442,24,3
336,99,2
87,144,3
447,114,3
51,111,3
341,182,3
102,46,3
35,59,3
403,124,3
423,96,4
52,195,3
46,11,3
307,24,2
14,68,3
373,91,3
457,178,3
375,98,3
115,87,3
95,33,3
340,86,3
30,106,3
268,116,3
224,121,3
372,85,3
101,31,3
381,30,3
349,30,3
119,123,3
178,171,2
33,176,3
224,62,3
130,15,3
56,126,3
279,7,3
283,125,3
42,76,3
92,167,3
41,125,3
339,147,3
169,81,3
35,168,3
95,105,3
487,125,4
127,72,3
342,89,3
234,168,2
90,78,3
153,4,3
7,75,3
373,78,3
167,83,2
249,14,3
76,25,3
412,64,4
109,84,3
283,5,3
436,77,3
356,64,3
301,6,3
444,50,3
88,55,3
481,28,3
278,150,3
204,14,3
127,115,3
372,133,4
488,161,3
345,109,3
16,108,3
234,152,3
366,170,3
198,42,3
386,159,3
353,92,4
33,19,3
278,122,3
85,195,3
243,28,4
192,2,3
403,183,3
434,119,3
230,43,3
268,158,3
313,78,2
327,66,3
317,57,3
391,119,4
490,26,3
414,72,3
67,61,3
238,12,3
230,152,3
254,1,3
264,191,3
359,18,3
210,71,3
131,19,3
228,73,4
427,122,3
155,17,3
10,105,3
488,154,3
97,91,3
301,22,3
400,138,3
137,37,3
170,3,2
140,87,3
74,54,4
76,5,3
93,155,4
229,119,4
265,181,4
7,96,3
423,87,4
337,168,3
35,16,2
421,72,4
15,159,3
280,58,4
232,177,3
251,56,3
478,82,3
463,179,3
139,48,3
289,193,2
479,8,3
364,53,4
443,118,3
217,118,4
141,181,2
255,191,2
408,135,3
464,131,3
342,63,3
353,161,2
255,128,2
159,4,3
211,166,3
248,71,3
407,95,4
277,97,3
396,163,3
13,53,3
378,78,3
253,7,3
499,69,4
235,17,4
63,178,3
403,92,3
350,182,4
431,195,3
46,10,4
105,103,3
438,105,2
21,77,3
254,166,2
202,78,3
469,11,3
428,109,3
448,40,4
144,70,2
293,100,3
350,144,3
483,55,2
3,76,2
488,13,3
177,76,3
64,116,3
307,123,2
390,58,3
64,12,3
20,115,3
448,131,3
466,17,3
78,100,3
452,19,3
454,90,3
498,128,4
108,143,3
289,142,3
497,151,3
451,48,3
302,169,4
98,69,3
42,74,3
129,157,3
32,65,3
97,14,3
37,142,3
381,132,3
294,116,3
258,28,3
404,126,3
205,39,2
201,111,3
103,101,3
222,154,4
87,195,3
294,38,3
498,22,3
266,111,4
149,190,3
344,31,3
410,97,3
235,81,3
125,63,3
356,132,3
93,59,4
498,98,3
158,169,3
175,75,3
363,4,3
6,176,3
101,54,3
62,154,3
195,152,4
276,105,3
89,17,3
172,190,3
386,136,3
469,84,3
7,170,3
313,157,3
12,152,3
260,33,3
439,126,3
399,57,3
116,15,3
129,67,3
391,20,4
409,21,3
140,145,3
1,100,3
222,79,3
309,38,3
221,154,3
467,126,2
406,117,3
393,38,3
10,24,4
426,24,3
377,5,3
198,193,3
294,73,3
412,131,4
453,196,3
275,187,3
20,64,3
309,97,3
340,92,2
29,6,3
408,153,3
100,114,3
445,74,3
275,111,3
161,147,3
29,2,2
8,129,3
370,172,4
188,145,3
420,123,2
115,18,3
460,148,3
470,150,3
50,98,3
323,116,3
469,123,3
161,24,3
33,51,3
437,158,3
237,194,3
13,54,3
420,80,2
339,183,4
35,32,3
129,52,4
9,11,3
477,46,2
12,127,3
397,69,3
255,196,4
291,178,4
405,179,3
447,145,3
63,140,4
8,101,3
62,198,3
341,19,3
284,144,3
41,28,3
117,67,3
268,51,4
365,120,3
171,157,2
474,15,3
496,120,3
383,44,3
227,15,3
438,83,3
363,116,3
259,40,2
221,77,3
416,190,3
278,69,3
91,199,2
499,166,3
34,74,3
347,115,3
327,141,3
293,92,3
25,81,3
246,65,3
446,27,3
119,4,3
345,67,3
429,159,3
476,46,3
258,35,3
156,65,4
349,119,2
243,43,3
313,44,3
370,22,3
355,66,3
121,43,3
377,166,3
270,181,3
465,74,4
329,17,3
445,17,3
489,64,3
497,92,3
372,105,3
298,60,3
59,70,3
193,56,3
237,103,2
390,139,3
294,8,3
219,95,2
73,129,3
357,134,3
215,112,4
18,105,3
142,136,2
439,75,3
59,113,3
203,63,3
256,87,5
41,24,3
82,70,3
470,28,3
295,45,3
105,83,3
84,100,3
212,188,3
361,5,3
365,179,3
97,65,3
362,144,3
448,135,3
113,194,3
13,21,3
479,193,3
260,12,3
388,175,3
160,130,3
149,96,4
112,79,3
108,18,3
235,160,4
52,145,3
421,187,3
255,146,3
457,191,3
251,177,3
151,85,2
257,140,4
77,52,3
412,159,3
360,121,3
73,88,3
290,125,3
268,55,3
100,124,3
61,94,2
380,64,3
132,195,3
259,12,3
123,151,3
326,42,3
24,44,2
179,30,3
273,20,3
219,24,3
306,166,3
90,185,2
220,116,2
378,2,3
166,172,3
78,120,3
423,104,3
389,189,3
340,81,3
399,72,3
389,155,3
373,105,3
254,143,3
9,139,4
298,167,3
136,63,2
386,14,4
234,95,4
452,129,3
297,163,3
275,53,3
459,149,3
237,166,3
187,161,3
185,161,2
437,197,3
378,132,3
81,74,3
246,87,2
185,149,3
323,47,3
26,120,3
357,114,2
371,133,3
113,84,3
75,147,3
313,14,2
128,149,3
470,162,3
387,177,3
477,184,2
267,69,3
469,9,3
6,130,3
144,18,3
1,56,4
338,140,4
255,118,3
143,121,3
152,150,3
321,32,3
90,158,2
257,117,3
306,84,3
119,92,2
114,101,3
177,110,3
296,66,3
127,44,3
189,33,3
271,68,4
93,52,3
284,103,3
69,182,3
71,21,4
118,61,3
143,9,3
14,194,3
480,140,3
154,48,3
402,82,3
450,144,3
400,191,3
415,114,3
50,54,3
186,139,3
373,137,3
287,128,3
2,9,3
283,141,4
402,3,3
414,181,3
191,176,3
118,112,3
154,129,3
148,13,3
173,174,3
150,54,3
228,52,3
20,141,4
137,187,2
157,98,3
76,101,3
438,109,3
337,58,3
455,119,3
280,192,3
54,76,3
452,154,3
229,154,3
342,170,3
190,144,3
247,184,2
244,142,3
142,195,3
277,143,4
366,167,3
10,178,4
65,196,3
421,119,2
284,142,3
486,193,3
302,76,3
326,23,3
449,176,3
330,126,3
164,85,3
263,143,3
117,6,4
167,95,5
340,53,3
74,57,3
335,193,2
292,110,3
154,28,3
22,72,4
352,48,2
412,181,4
365,58,3
326,66,3
207,35,3
179,156,2
163,115,2
105,87,3
484,79,3
333,133,3
87,19,3
432,186,3
75,112,3
296,45,3
82,107,3
180,170,3
329,34,3
499,104,3
495,119,2
447,162,3
117,113,4
46,147,3
461,178,4
139,72,3
9,140,3
323,49,3
38,168,3
20,190,3
468,58,3
247,112,3
56,164,3
327,5,3
184,141,3
268,164,3
449,174,3
118,39,3
323,151,2
414,157,4
211,0,3
485,141,3
224,125,3
229,193,3
442,8,3
317,193,3
434,114,3
395,54,4
356,77,3
120,153,3
199,199,3
432,63,5
308,196,3
140,125,4
163,38,4
387,119,3
89,160,3
56,10,4
382,15,3
144,1,4
382,114,3
266,11,3
498,186,3
262,25,3
433,14,3
425,51,3
105,152,3
498,181,3
372,50,3
53,103,3
3,154,4
135,159,2
8,30,3
178,167,3
498,173,3
239,146,3
11,105,3
246,78,3
109,177,3
428,172,3
45,103,3
385,148,2
9,148,3
336,17,3
227,180,3
385,103,4
309,119,4
393,37,3
230,105,3
3,0,3
65,178,3
229,149,4
198,90,4
397,167,3
205,162,3
430,23,3
93,10,3
192,50,3
378,0,3
62,114,3
160,105,4
375,107,3
294,14,3
389,183,3
257,195,3
429,118,3
438,1,3
487,79,3
61,143,3
295,149,3
57,48,3
114,164,3
150,193,3
323,101,3
215,76,3
432,105,3
149,5,3
308,104,3
381,5,3
490,6,3
122,110,3
366,102,3
42,197,3
271,101,2
206,195,4
479,161,3
386,67,3
463,185,4
425,96,3
205,118,3
366,20,3
15,42,3
278,104,3
23,54,3
362,119,3
483,15,3
340,50,4
419,133,4
117,122,3
496,196,3
275,179,3
337,162,3
385,0,3
319,120,3
158,45,3
305,53,3
326,41,3
428,91,3
240,24,2
250,106,3
251,33,3
57,100,3
45,125,2
10,35,3
333,20,3
209,161,3
432,147,3
351,52,4
70,177,3
50,44,3
183,185,3
460,22,3
24,132,2
93,3,4
14,39,3
206,80,4
494,17,4
341,91,3
246,46,4
72,19,3
177,192,3
262,196,3
137,192,3
352,30,4
490,76,2
102,65,3
126,65,3
63,83,2
362,102,2
230,97,3
141,58,4
109,195,3
35,195,3
238,66,3
341,44,3
117,106,3
0,73,3
236,197,3
337,85,3
172,7,3
125,25,3
77,14,3
373,76,3
430,63,3
384,171,2
259,178,3
362,28,3
198,188,3
12,116,4
183,61,3
351,81,3
323,88,4
495,34,3
121,2,4
4,13,3
137,54,3
438,28,4
406,12,2
49,76,3
80,75,4
281,25,3
330,162,3
491,176,3
377,143,3
105,104,3
18,189,3
316,70,2
276,85,3
460,3,3
287,141,3
250,18,3
151,133,2
43,156,4
438,43,3
413,122,3
81,60,3
351,79,3
182,105,3
218,49,3
424,159,3
421,78,3
95,92,3
153,162,3
410,45,3
458,90,3
39,198,3
416,79,3
244,23,3
295,56,3
37,191,4
340,151,4
338,161,3
331,50,3
395,167,3
473,78,3
424,158,3
372,176,3
490,41,3
337,187,3
336,126,3
271,146,3
384,151,2
35,33,3
252,149,3
212,42,3
456,54,3
36,23,3
321,36,3
92,195,3
441,65,4
425,77,3
117,95,3
435,142,4
248,114,3
485,107,4
364,167,3
17,99,3
101,153,3
201,182,3
105,135,3
66,7,4
489,52,2
434,123,3
217,95,2
107,56,4
90,67,4
457,15,3
165,46,4
6,156,4
198,2,3
227,167,3
311,67,3
169,161,3
321,165,3
493,114,3
183,170,3
325,12,3
182,159,2
349,54,3
372,71,3
160,8,3
468,190,4
428,128,3
447,196,3
108,113,3
358,31,3
53,67,4
52,87,3
486,29,3
76,186,3
432,191,3
151,116,3
36,140,2
337,135,3
360,12,3
233,106,3
404,155,3
161,161,3
275,119,3
143,179,3
291,117,4
68,76,3
238,88,3
274,138,3
278,177,3
223,45,3
321,58,3
256,130,2
141,152,4
107,79,3
323,128,4
469,1,3
376,58,3
319,191,4
460,115,3
449,173,4
253,43,3
54,58,4
317,194,3
311,199,3
138,175,3
424,63,2
434,160,3
165,91,3
238,168,3
97,170,3
89,86,3
132,60,3
182,194,3
136,90,3
75,86,3
223,133,3
311,187,3
162,26,3
266,196,4
135,84,2
351,5,3
324,61,3
480,92,3
26,135,3
426,113,4
170,27,3
33,97,3
344,46,3
85,53,3
87,142,3
489,160,3
110,31,3
273,120,3
100,84,2
61,67,3
0,142,3
8,49,3
236,153,3
217,80,3
19,18,4
174,158,3
136,170,3
285,112,5
497,144,3
345,29,3
459,67,3
96,69,3
107,152,3
375,70,2
155,145,3
424,61,3
231,120,3
100,41,3
422,111,3
275,16,3
401,146,3
226,5,3
63,199,3
340,167,3
62,115,2
331,181,4
208,161,2
395,28,3
435,148,3
203,75,3
441,171,3
55,172,3
53,190,4
496,90,3
287,38,4
225,25,3
77,33,3
144,198,4
343,117,3
410,70,3
458,89,4
203,34,3
227,114,3
81,85,3
41,159,2
218,4,4
289,186,3
52,12,3
204,83,4
320,68,3
405,143,3
469,131,3
170,39,4
195,98,3
437,106,3
346,92,3
136,4,2
342,35,3
224,52,3
153,109,3
496,32,4
17,147,3
428,37,3
140,129,3
18,167,3
330,71,3
339,27,3
71,1,3
19,72,3
55,23,3
204,176,3
66,194,3
351,196,3
38,184,4
394,117,4
437,65,3
358,89,4
472,51,3
469,168,3
23,87,3
170,77,3
380,137,1
169,74,3
368,71,3
387,45,3
498,13,3
164,7,4
173,80,3
12,199,3
142,52,3
140,128,4
226,64,3
210,60,3
428,32,3
386,112,4
364,131,3
2,70,4
235,105,4
364,95,3
122,54,3
212,138,3
363,110,3
397,13,3
427,98,4
214,77,3
199,159,4
191,61,4
334,191,2
209,123,2
200,26,3
84,80,3
239,176,3
118,50,3
262,140,3
444,156,3
387,138,3
239,18,3
488,74,3
490,69,3
222,68,2
381,175,4
171,1,2
439,107,3
186,196,3
129,175,3
66,121,3
421,199,3
148,80,4
406,122,3
43,108,3
250,9,3
213,8,3
219,179,3
83,34,2
36,70,4
173,124,3
235,115,3
396,102,3
231,195,3
122,157,3
131,188,3
305,131,3
217,195,3
450,120,2
219,108,3
283,163,4
31,173,3
96,13,3
425,182,3
172,138,3
210,179,2
295,143,3
28,185,4
253,55,2
173,37,3
74,39,4
209,50,2
223,42,3
93,88,2
271,39,4
373,31,3
133,104,3
483,158,3
306,27,3
386,102,3
35,131,3
383,141,3
168,21,3
355,146,3
402,5,3
125,47,3
129,63,3
29,170,3
302,38,3
387,156,2
205,197,3
80,191,2
158,60,3
201,19,3
458,44,3
62,153,3
171,39,2
319,129,3
118,74,3
442,153,3
454,121,3
190,117,3
372,156,3
377,190,3
340,72,3
93,105,3
24,125,3
173,164,3
65,96,3
146,74,3
319,169,3
294,190,3
104,113,3
8,20,3
112,57,3
227,92,3
389,140,3
182,133,3
142,164,3
275,5,3
35,93,3
112,140,2
18,197,3
262,28,3
221,175,3
291,1,2
308,39,2
197,169,4
434,157,3
459,194,3
55,120,3
460,123,3
98,106,3
124,102,3
264,102,3
14,58,3
182,170,3
97,71,4
241,122,2
407,133,3
462,107,3
106,122,4
272,9,3
237,63,3
207,89,3
316,78,2
494,181,4
202,179,3
32,142,3
457,70,3
466,10,2
161,151,3
250,176,3
431,97,2
251,165,3
240,186,4
460,109,3
414,41,3
253,4,3
80,151,2
219,112,4
338,30,3
136,10,3
268,193,3
329,64,3
42,65,3
284,125,3
368,72,3
107,182,2
274,136,3
354,71,3
22,53,4
322,172,3
129,118,3
198,183,3
324,69,3
2,4,4
8,179,3
223,47,3
474,169,3
3,141,3
394,46,2
37,151,3
244,16,3
215,78,3
234,71,3
40,131,3
376,106,3
137,122,3
385,95,4
327,147,3
275,32,4
154,143,3
326,10,3
498,17,4
461,144,3
458,31,3
109,154,3
292,26,3
198,29,3
483,186,3
475,35,3
434,182,3
81,69,3
159,159,3
355,187,3
374,23,3
175,66,3
68,114,4
68,173,3
342,37,3
227,37,2
245,73,3
407,40,3
8,53,3
377,25,3
137,165,3
465,159,3
477,28,3
251,107,3
157,129,3
116,125,3
90,196,3
499,128,3
93,137,5
223,6,3
239,15,3
339,123,3
421,181,3
278,79,3
379,128,2
283,42,3
218,91,3
78,150,3
104,131,4
216,22,3
23,175,3
158,185,3
231,95,2
236,68,3
407,106,3
483,160,3
364,90,4
39,6,4
364,162,3
297,157,3
228,154,3
218,25,3
202,34,3
289,78,3
89,46,4
258,77,3
102,111,3
340,56,3
432,24,3
253,80,2
193,144,3
470,123,3
214,62,3
14,116,3
7,34,3
110,166,3
118,173,3
360,5,3
250,194,3
499,4,3
270,91,3
451,133,3
276,65,3
179,40,4
357,9,3
224,145,3
137,7,3
236,96,3
332,78,3
187,193,3
352,186,3
490,163,2
205,146,3
147,108,3
201,69,3
419,33,3
89,193,3
486,76,3
206,85,3
420,28,3
393,55,3
391,126,3
454,85,3
92,117,4
296,42,3
49,16,3
149,177,3
20,86,4
341,72,3
303,57,4
370,131,3
88,112,3
166,77,3
338,186,4
413,180,3
442,39,3
36,128,3
201,193,4
5,97,3
409,6,2
61,26,4
411,133,4
78,180,3
7,25,3
439,109,3
219,99,2
212,57,3
323,126,3
137,175,3
345,47,2
214,10,3
136,71,3
197,62,4
3,145,4
150,107,3
295,3,3
68,67,3
59,147,3
327,95,4
214,112,3
68,52,4
373,63,2
387,26,3
17,16,2
100,7,3
185,124,3
365,31,3
37,114,3
402,190,3
159,139,3
431,23,3
43,97,3
64,178,3
474,76,3
259,165,3
231,141,2
343,53,3
315,28,3
306,3,3
11,55,3
275,66,3
139,131,3
403,114,3
252,95,3
61,144,3
443,154,3
142,142,3
135,179,2
468,71,2
387,164,3
429,84,3
331,36,3
455,29,3
57,18,3
299,191,3
146,33,4
199,167,3
118,156,3
102,87,3
221,182,3
459,181,3
317,185,3
174,99,3
216,59,4
264,8,3
122,168,3
260,174,4
347,107,3
121,14,4
292,164,3
354,59,3
259,109,3
145,131,4
277,29,4
396,12,3
110,15,3
287,191,4
340,191,4
160,85,3
193,85,3
444,81,3
181,70,4
299,108,3
74,71,3
462,123,3
298,75,3
380,125,3
301,188,3
177,41,3
170,12,3
350,105,3
429,23,3
63,46,4
422,157,3
415,83,4
54,109,3
54,155,4
347,25,3
421,95,3
196,6,4
320,99,3
499,44,4
161,182,4
112,52,3
495,40,3
140,2,4
236,26,3
221,43,3
261,45,3
134,147,2
339,177,4
345,171,4
100,191,3
240,179,3
28,91,2
110,77,3
493,129,3
253,63,4
311,120,4
444,199,3
356,39,3
396,153,3
356,187,3
249,107,4
316,71,3
144,50,4
445,33,3
89,64,2
442,149,3
439,103,3
355,108,3
494,161,2
286,2,2
170,4,2
439,191,2
256,149,3
60,115,2
124,181,2
341,117,4
227,104,4
108,42,3
399,162,3
60,152,3
109,59,3
232,147,3
19,145,3
193,19,2
454,32,4
470,118,4
435,124,3
161,131,3
32,74,3
407,167,3
186,89,3
374,41,3
59,23,3
333,175,2
293,141,3
460,92,2
50,41,4
203,19,4
494,30,4
194,21,3
329,105,3
80,39,3
364,25,3
137,56,3
286,139,3
439,99,2
330,30,3
237,149,3
95,97,3
170,37,3
424,138,3
108,198,3
328,108,3
242,32,3
160,61,3
358,119,3
181,199,3
143,185,4
264,186,3
378,166,3
432,114,2
314,129,3
330,146,4
393,143,3
134,127,2
125,26,3
241,175,4
315,1,3
322,85,3
76,86,3
390,199,3
181,17,3
438,95,4
362,71,3
491,19,3
315,44,3
263,84,4
93,183,4
199,77,3
429,176,3
191,146,4
26,163,4
122,170,3
297,142,3
314,146,3
491,30,4
466,143,3
265,9,3
277,147,3
400,130,3
24,151,3
297,128,3
237,73,4
391,73,2
400,119,4
327,94,3
328,68,3
345,97,4
290,107,3
113,47,2
142,127,3
370,62,3
309,53,4
118,83,3
438,20,4
490,120,4
313,146,3
113,191,3
469,56,3
118,107,3
216,100,3
429,146,3
260,124,3
121,161,3
40,170,3
180,22,3
336,71,3
357,130,4
111,108,3
79,96,2
350,34,3
79,114,3
32,148,4
243,7,4
285,118,2
121,181,2
105,114,3
117,190,2
171,70,3
4,0,3
5,136,3
185,42,4
9,1,4
159,36,3
290,186,3
15,156,3
308,55,4
310,119,3
286,67,3
313,35,4
404,197,3
35,162,3
84,72,3
158,70,2
344,163,3
436,92,3
459,75,3
291,77,4
205,89,4
205,104,3
29,8,4
232,96,3
104,54,2
383,71,3
405,84,3
151,73,3
457,181,2
53,105,4
455,100,4
384,52,3
111,183,3
325,4,3
155,110,3
399,33,3
80,153,3
122,75,3
153,58,3
99,11,3
166,158,3
301,79,3
316,52,4
276,168,3
94,3,3
101,93,3
459,32,4
51,4,3
226,37,3
3,189,3
171,89,4
427,199,3
133,53,3
351,152,3
244,17,3
177,21,3
330,3,4
297,179,4
159,134,3
111,148,4
458,185,3
84,66,3
479,144,3
498,108,3
176,132,3
282,93,3
307,4,2
169,15,3
109,100,3
260,113,3
331,146,3
130,114,4
383,37,4
319,73,3
83,88,3
469,196,3
21,106,3
326,126,3
219,147,3
326,72,3
387,192,4
343,134,3
325,169,3
420,149,3
350,124,3
406,6,4
201,116,3
101,25,3
117,120,5
306,140,3
265,109,3
38,61,3
102,11,3
483,134,3
363,139,2
377,95,2
98,143,3
32,155,4
145,102,2
428,9,3
253,174,3
392,93,3
243,134,4
245,182,3
300,72,3
479,124,3
218,3,4
297,177,3
459,11,3
186,108,3
419,70,3
267,7,3
439,92,3
233,187,3
314,33,4
161,58,4
317,37,4
163,24,3
304,46,3
394,114,3
217,156,3
214,138,3
161,154,2
365,143,3
296,76,3
258,180,4
12,34,3
55,139,3
3,22,2
425,153,3
425,17,2
33,43,3
23,78,3
390,138,3
262,9,3
154,51,3
307,66,3
118,146,3
99,192,2
183,122,3
447,101,3
383,67,3
95,164,3
280,21,3
442,25,3
475,40,3
381,53,3
64,92,3
120,189,3
109,130,4
75,76,3
87,42,3
158,129,2
277,50,3
198,195,3
210,95,3
75,180,3
499,61,3
299,94,3
114,106,3
404,54,3
415,10,2
483,56,3
79,22,2
319,135,3
490,1,2
403,63,4
112,176,3
446,113,2
210,134,3
244,133,4
279,59,4
385,126,3
60,44,3
269,127,3
408,136,3
274,175,4
137,183,3
28,4,3
274,59,4
351,109,3
274,64,3
489,123,4
301,170,3
254,51,3
27,178,3
279,176,3
84,182,3
362,14,2
80,58,3
453,24,3
151,24,2
216,10,3
72,87,4
105,17,3
460,59,3
141,196,2
256,176,3
490,187,3
311,7,3
20,132,3
178,126,3
193,26,3
138,181,3
120,80,3
251,195,3
188,22,3
147,130,4
206,26,4
171,189,3
114,121,3
226,15,3
471,42,3
252,71,3
298,2,3
492,1,3
306,185,3
111,196,4
199,107,3
243,180,3
237,131,4
74,5,4
52,142,4
174,3,2
457,163,2
358,73,2
87,51,3
207,136,3
290,169,3
217,114,3
208,32,3
179,180,3
25,158,3
428,81,3
466,110,3
40,192,3
206,75,3
258,5,3
391,29,2
493,120,4
208,199,3
374,147,4
468,123,2
415,64,3
145,87,1
408,7,3
206,74,4
8,124,3
379,181,4
417,184,3
171,164,3
225,4,3
182,162,3
58,43,3
497,123,3
11,189,3
277,177,3
7,132,3
344,59,4
450,104,3
321,140,4
303,102,3
413,80,4
487,80,3
430,119,3
115,7,3
281,199,4
409,20,3
147,196,3
337,7,3
11,102,3
307,114,4
371,86,3
412,179,3
109,3,2
225,197,4
429,137,3
82,155,3
411,27,3
144,13,3
287,79,3
254,64,3
343,156,4
418,179,3
174,85,3
85,153,3
211,11,3
306,148,3
375,19,3
376,133,3
169,76,3
468,83,3
41,55,4
58,80,3
12,174,3
463,161,3
90,68,3
300,58,4
406,101,3
383,136,3
474,36,3
26,145,3
203,189,3
253,168,3
348,109,3
311,63,2
279,64,3
153,148,3
53,90,4
215,21,3
129,135,3
398,197,3
276,83,2
291,68,4
20,11,3
322,33,2
219,189,2
61,107,3
106,180,3
390,191,4
458,9,3
253,76,2
488,167,3
90,99,4
149,101,4
465,114,3
87,140,3
329,187,3
165,125,3
238,115,3
179,72,3
437,23,3
486,141,4
250,0,4
262,139,3
27,99,3
117,157,3
19,189,3
428,110,3
113,114,4
170,97,3
421,74,2
356,17,2
310,6,3
19,144,3
281,182,3
280,10,4
159,65,3
372,121,4
464,140,3
129,147,4
165,138,3
161,16,2
417,50,3
38,93,3
447,12,3
387,68,3
241,77,3
291,195,4
447,63,3
384,194,3
138,140,3
25,138,3
329,163,3
72,168,3
43,44,3
491,84,2
325,195,3
108,8,3
50,95,4
31,42,3
1,152,3
210,40,3
162,158,4
263,198,3
294,155,3
154,33,3
227,28,3
39,87,3
150,110,3
489,155,3
495,84,3
242,33,3
469,198,3
250,180,3
62,130,3
433,139,3
207,187,4
306,94,3
324,29,3
154,121,4
366,90,3
250,159,3
183,154,3
148,94,4
373,73,4
124,84,3
62,126,3
440,127,3
165,102,3
320,106,3
358,198,3
419,50,3
312,34,3
353,159,3
418,187,3
471,121,3
23,80,3
371,69,3
87,93,3
445,10,3
24,105,3
123,53,3
96,53,3
301,112,3
2,192,3
8,41,3
252,182,3
485,103,4
264,194,2
222,76,3
328,199,2
275,131,3
192,133,3
294,112,3
1,90,3
122,105,3
336,170,3
170,158,3
27,4,3
62,138,3
433,166,3
164,148,3
11,99,3
364,67,3
265,134,3
225,132,3
447,74,4
156,81,3
286,73,4
372,8,3
304,6,4
103,16,4
340,84,3
371,102,3
61,81,2
82,191,3
337,44,3
59,78,3
440,49,3
54,59,4
487,116,3
335,61,4
221,63,3
134,134,3
172,166,3
374,42,3
376,22,3
104,47,3
271,115,2
496,191,3
128,32,3
346,8,3
86,105,3
417,198,3
85,110,3
148,184,2
229,128,3
185,6,4
85,85,3
320,154,3
9,101,3
491,38,2
26,36,3
166,132,2
464,92,3
77,114,3
36,74,3
371,67,3
36,133,2
449,1,3
225,86,2
434,74,3
122,155,3
70,145,3
481,85,3
381,52,3
455,47,3
159,42,3
202,54,3
288,152,4
224,9,3
121,5,3
187,107,2
304,44,3
18,166,2
167,150,3
146,153,3
35,91,3
61,87,2
247,85,2
51,39,2
172,113,3
280,172,3
436,51,3
49,11,3
217,112,3
51,79,3
214,159,3
240,171,3
399,190,3
221,78,3
467,180,2
68,23,4
26,74,3
2,53,3
178,184,1
96,120,3
45,73,4
117,30,3
487,156,3
9,170,3
457,87,3
102,29,3
202,66,3
163,124,3
202,48,3
380,14,2
356,164,3
297,106,3
313,79,3
92,147,3
197,0,4
53,88,3
352,50,3
218,18,4
318,7,4
282,88,3
136,108,3
69,101,3
486,156,3
146,91,3
54,117,3
152,163,2
451,131,3
130,182,4
493,44,3
230,157,3
430,139,3
326,116,3
21,0,2
254,108,3
208,171,2
100,128,3
274,1,4
51,57,3
349,113,2
410,162,3
46,88,3
239,171,3
327,159,3
31,53,3
194,38,4
129,180,3
19,117,2
402,169,3
222,184,4
375,84,2
293,9,3
437,181,3
498,116,4
301,24,3
176,105,3
211,5,3
412,57,4
213,69,3
259,90,4
97,113,3
495,167,3
325,70,3
165,147,4
292,188,3
200,149,3
77,50,3
437,135,3
442,56,3
417,95,3
184,126,3
128,58,3
24,0,3
365,167,3
163,145,3
446,24,3
434,75,3
64,52,3
458,195,3
70,188,2
245,138,3
236,88,3
478,10,3
328,49,3
437,18,3
412,17,4
426,135,3
429,190,4
205,61,3
190,136,3
492,175,3
378,85,3
288,40,3
464,85,3
359,174,3
371,132,3
88,40,3
283,105,3
365,141,3
380,15,3
478,152,3
163,40,4
151,58,3
484,83,3
493,100,3
89,183,4
189,44,2
474,51,3
99,75,3
391,171,2
56,193,3
89,90,3
392,138,3
303,183,4
277,169,3
428,136,3
153,108,3
251,196,3
304,47,3
369,72,4
166,142,3
316,4,3
224,100,3
270,170,3
431,35,2
196,160,3
334,82,3
470,172,3
381,126,3
494,31,3
291,147,2
140,11,3
495,48,4
322,177,4
120,175,4
158,9,3
131,75,3
416,18,3
46,54,3
369,193,3
277,39,3
306,160,3
376,176,3
362,70,2
264,139,3
167,96,2
81,21,2
6,44,3
179,149,3
316,137,3
18,104,3
499,156,3
292,138,3
147,67,3
481,58,3
91,189,3
478,194,3
140,6,3
189,158,4
212,26,3
497,172,3
125,117,3
486,137,3
173,140,4
142,120,3
319,50,3
346,161,4
172,110,3
67,109,3
198,63,4
270,2,4
20,110,3
39,69,3
458,131,2
17,72,3
203,194,3
381,136,3
164,91,3
247,141,3
43,129,3
397,124,3
317,115,3
425,186,3
431,63,4
175,86,3
20,50,3
173,113,3
72,197,3
266,121,2
73,41,3
460,184,4
301,158,3
126,88,3
460,29,3
384,80,4
218,160,2
73,115,3
171,37,2
292,31,3
382,193,3
130,89,3
371,137,2
141,72,2
123,18,3
223,82,4
80,138,3
178,120,2
387,67,3
165,51,3
347,52,3
360,51,3
332,143,3
134,67,2
414,148,4
118,62,3
138,65,3
437,184,4
169,175,3
348,80,3
21,53,3
307,143,3
434,13,3
354,91,3
291,119,3
424,135,4
149,21,3
188,0,3
34,55,3
349,23,3
361,101,4
375,183,3
374,57,2
63,90,4
333,42,3
381,8,3
101,140,4
238,51,3
456,109,3
376,167,3
265,37,3
328,116,4
313,182,3
325,96,3
389,8,3
452,52,4
147,158,3
464,158,4
313,62,2
297,39,3
163,58,2
208,48,2
325,148,3
181,168,3
409,148,2
207,150,3
322,122,4
15,174,3
38,7,3
424,139,3
71,25,3
397,179,4
450,99,4
240,18,4
213,149,4
475,92,4
213,3,4
194,181,2
392,36,3
21,168,3
414,117,3
11,137,3
157,138,3
298,171,3
72,6,3
245,198,3
498,8,3
411,199,3
15,52,3
295,169,3
298,16,4
34,92,3
325,108,3
260,190,3
340,24,2
148,7,3
127,129,3
367,9,3
360,155,3
80,7,3
108,194,3
293,106,3
414,189,3
100,25,3
109,54,3
403,90,4
348,5,3
451,20,3
391,65,4
476,147,2
94,141,3
135,17,2
118,11,3
27,131,3
389,71,3
330,158,2
42,59,3
99,72,3
95,43,3
201,53,2
227,141,3
144,94,3
465,131,3
106,15,3
280,107,4
193,182,4
412,84,4
489,20,3
2,139,3
231,29,3
59,181,3
216,76,3
308,156,3
205,131,3
154,92,3
156,116,4
149,36,3
162,14,3
186,153,3
343,191,3
48,172,3
20,61,3
258,71,2
340,71,3
129,140,4
312,159,3
192,189,3
368,78,3
73,132,3
60,100,3
276,190,3
196,70,4
364,37,3
253,75,3
177,123,3
79,190,3
81,165,3
377,3,3
113,101,3
251,31,3
409,72,3
448,188,3
133,196,3
54,30,4
387,28,3
343,139,3
165,82,3
296,86,3
94,174,3
350,184,3
363,180,3
149,156,3
234,196,2
167,143,3
15,176,3
63,108,3
479,10,3
228,163,4
73,185,3
22,62,3
176,85,3
491,114,3
192,130,4
499,134,3
244,78,3
381,170,3
392,162,3
14,188,4
3,115,2
461,15,3
466,169,3
66,15,3
322,38,3
461,57,3
475,36,3
148,144,3
408,88,3
323,43,3
463,0,3
73,43,3
300,138,3
12,158,3
178,59,4
5,14,3
221,111,3
405,156,3
329,14,4
158,159,3
213,34,3
183,51,3
365,124,3
133,10,3
45,61,3
253,27,3
414,42,3
238,154,3
102,45,3
23,8,3
380,17,4
77,124,3
36,194,4
64,33,3
405,72,3
79,14,3
409,137,3
0,41,4
369,102,4
141,101,3
480,119,3
237,26,3
135,50,3
121,147,4
413,186,3
201,2,2
176,82,2
367,176,3
268,57,3
331,89,3
222,180,2
32,193,3
2,131,3
19,138,3
287,122,2
256,56,3
373,177,3
447,6,3
87,11,3
478,120,4
465,167,3
307,162,3
265,135,3
88,75,3
89,71,3
9,85,3
322,51,4
216,83,4
95,20,3
66,63,2
31,188,3
320,141,3
342,28,3
315,57,3
55,51,3
20,56,2
53,138,3
375,179,3
369,142,3
147,97,3
27,32,3
159,28,3
404,162,3
71,135,3
398,102,3
231,115,2
70,169,2
466,162,3
259,17,4
335,79,3
48,8,3
185,76,2
316,127,3
322,41,4
31,30,3
302,98,3
472,104,2
393,142,3
103,2,3
456,49,3
341,155,3
28,136,4
64,179,3
460,162,3
104,167,3
48,102,3
225,191,5
262,83,3
286,180,4
329,78,3
499,88,3
379,137,3
12,79,3
44,29,3
0,179,3
197,90,3
175,185,3
466,79,3
183,194,4
15,120,3
441,153,3
130,151,3
456,40,3
387,163,2
440,188,3
409,132,3
71,189,4
313,169,3
206,133,3
314,95,3
372,171,3
250,37,4
156,112,2
458,163,2
331,188,3
442,53,4
118,18,4
419,66,3
161,172,3
230,104,3
430,11,3
177,23,3
125,67,3
457,68,3
482,27,3
155,98,3
153,95,3
113,39,3
11,46,3
276,132,3
127,190,3
424,199,3
85,111,3
317,7,3
253,179,2
305,190,4
56,55,2
233,80,4
313,5,3
170,160,4
437,155,4
264,4,2
181,140,3
15,82,3
84,109,3
238,43,3
200,163,3
435,80,4
392,168,3
79,29,3
295,117,3
227,62,2
50,193,3
332,111,3
268,143,3
43,17,3
234,135,2
365,20,4
163,72,4
178,44,3
55,0,3
102,117,3
490,48,4
310,102,4
88,152,3
241,35,3
96,141,3
221,59,3
72,66,3
309,115,3
285,125,2
316,131,3
221,39,3
142,115,2
124,52,4
107,55,5
214,189,3
225,20,2
336,82,3
26,87,4
140,48,3
426,157,4
457,97,3
465,143,3
153,77,3
68,179,4
99,145,3
65,66,3
477,192,3
441,173,3
405,118,3
364,3,3
171,118,4
237,138,3
420,72,3
407,28,4
259,112,3
418,160,4
173,63,4
206,91,3
419,0,3
188,140,4
376,173,4
226,155,3
148,85,3
109,9,3
303,98,3
239,188,3
184,16,4
371,42,3
0,167,3
46,113,3
480,34,3
331,4,3
274,82,3
7,118,3
299,168,3
217,176,3
299,91,3
20,84,4
275,186,3
288,155,3
145,41,4
27,136,3
485,143,3
354,46,3
310,195,2
383,59,3
335,109,4
67,98,3
227,138,2
444,180,3
143,78,3
32,150,2
165,190,3
175,181,4
308,150,3
88,140,3
114,153,3
331,187,3
142,2,3
439,117,3
435,6,3
151,115,4
279,78,3
166,60,3
172,178,3
335,141,2
146,113,4
74,176,3
129,19,3
464,129,3
129,31,3
181,46,3
314,37,4
50,108,4
134,125,4
87,151,3
462,88,3
466,187,3
377,74,2
123,31,3
308,7,3
331,25,3
434,89,3
78,82,4
368,170,3
97,25,3
284,52,3
439,196,3
31,5,3
74,84,4
406,39,3
9,106,3
342,194,3
250,45,3
173,74,3
431,89,2
162,196,3
2,19,4
64,97,3
53,150,2
491,1,3
298,161,3
338,48,4
115,103,3
425,195,3
361,127,4
376,197,3
234,120,3
349,42,4
272,138,3
192,123,3
297,62,2
162,15,3
476,129,3
358,115,3
369,154,4
358,25,3
224,107,3
475,163,4
103,178,3
284,187,3
34,42,4
147,34,3
287,115,3
244,92,3
470,46,3
306,20,3
205,28,3
213,67,3
305,147,3
395,13,3
138,21,4
292,52,4
287,174,3
4,198,3
456,88,3
284,8,3
316,171,2
338,88,3
17,166,3
206,105,3
90,69,3
287,90,3
237,186,3
491,157,3
265,39,3
33,35,3
144,90,3
448,149,4
225,7,4
455,145,3
266,45,3
274,139,4
214,99,3
278,5,2
33,152,3
28,51,3
237,190,3
275,38,3
214,120,3
147,72,3
354,120,3
302,111,3
23,59,3
226,130,3
355,52,3
392,181,3
143,189,3
462,33,4
325,145,3
218,185,3
313,25,4
435,147,3
113,187,4
75,45,3
417,66,3
485,47,3
302,79,3
489,67,3
34,145,3
316,74,3
221,75,3
138,188,3
155,115,3
272,185,3
320,142,3
82,177,3
307,39,3
463,187,4
5,188,3
439,8,3
303,71,3
171,82,4
367,83,4
308,155,4
384,139,3
40,42,3
29,121,3
321,194,3
151,88,3
119,185,3
210,129,3
362,184,3
89,180,3
486,3,3
210,160,3
75,37,2
35,164,3
428,161,3
56,51,3
209,13,3
334,83,4
256,60,3
131,110,3
53,16,3
355,8,3
245,87,2
24,153,3
90,62,4
281,64,3
84,32,3
195,56,3
62,59,4
398,51,3
315,68,3
391,56,3
26,136,3
187,67,3
133,150,3
410,128,3
113,116,3
384,184,4
290,51,3
412,196,4
40,41,3
495,27,3
217,165,3
140,179,3
91,18,3
492,119,2
441,102,3
65,44,3
222,104,3
366,137,2
295,114,3
94,103,3
180,177,3
184,45,2
144,124,3
480,63,3
101,194,3
353,50,2
455,174,2
397,126,3
399,42,3
79,151,2
66,48,4
391,52,4
373,68,3
370,136,3
209,78,3
261,113,3
7,110,3
145,39,4
264,46,3
62,61,3
22,183,4
104,76,3
496,80,2
348,134,3
474,157,3
128,137,3
299,110,3
445,195,3
176,179,3
328,40,2
346,32,3
416,78,4
484,167,4
307,192,4
291,140,2
434,138,3
342,46,3
180,118,4
315,36,3
274,107,3
114,38,3
257,15,3
311,193,3
451,178,4
290,137,3
82,125,4
493,47,4
289,114,4
143,149,3
377,107,2
192,56,3
185,78,3
419,168,3
433,50,3
261,192,3
186,151,3
431,178,4
86,101,3
373,44,3
292,6,2
427,106,3
210,79,3
416,22,2
7,185,3
379,194,2
321,133,3
97,82,3
481,99,3
384,124,3
52,83,3
446,160,4
125,37,3
272,133,3
42,196,3
52,170,3
120,9,3
267,22,3
271,125,4
427,184,4
82,168,3
374,180,3
2,29,3
145,103,3
87,145,3
61,124,3
292,155,3
450,42,4
333,91,3
427,89,3
295,187,3
26,40,3
172,65,3
411,4,3
22,30,2
48,196,3
416,169,4
31,51,3
479,140,4
379,118,2
332,181,3
268,60,3
44,198,3
207,74,3
403,143,3
451,79,3
223,134,3
419,67,3
388,168,3
28,127,4
310,57,2
308,192,3
271,141,4
386,85,4
444,27,3
275,194,3
160,150,3
491,133,3
481,166,3
343,121,3
320,46,3
52,47,3
200,15,3
99,12,3
257,145,3
413,170,3
112,32,3
498,114,3
64,24,3
49,82,3
487,158,3
50,162,2
367,189,3
381,62,3
165,189,3
32,156,3
154,67,3
34,65,3
336,21,3
444,184,4
498,40,2
400,53,4
387,82,4
440,27,3
384,161,3
325,139,3
498,31,3
161,32,3
206,4,2
453,189,3
155,87,3
149,131,3
76,29,3
137,46,2
296,108,3
443,41,3
68,122,3
340,184,2
383,61,3
447,121,3
77,178,3
244,1,5
476,22,4
454,197,3
481,64,4
334,104,3
32,114,3
457,133,3
84,150,3
190,74,3
119,177,3
359,11,3
14,6,4
320,191,3
432,35,3
393,198,3
153,57,4
448,72,4
181,5,2
340,188,2
253,71,3
33,33,2
1,96,3
91,30,4
467,157,3
476,14,2
205,99,2
484,78,4
24,7,4
483,10,3
18,78,3
378,25,3
191,27,3
146,160,3
379,146,3
166,121,2
376,166,2
97,13,3
42,137,4
162,150,3
304,40,3
112,107,3
71,153,3
374,120,2
246,49,3
215,132,3
119,151,3
8,1,3
26,113,4
340,100,3
40,73,3
123,8,3
455,16,3
171,150,3
372,165,3
171,83,2
465,187,2
410,185,3
234,133,3
342,116,3
206,192,2
472,121,3
179,186,3
418,195,3
308,38,3
321,132,3
175,146,3
416,164,3
373,69,3
407,172,3
400,97,4
78,77,3
437,31,3
420,64,3
121,194,4
490,143,3
263,145,3
160,179,4
111,53,3
182,132,4
18,74,4
345,169,3
353,84,3
333,170,3
274,149,4
181,154,4
361,185,3
435,158,3
43,64,3
191,104,3
497,94,3
430,12,3
497,118,3
91,87,3
232,78,4
65,21,3
433,100,3
259,115,4
121,21,3
45,126,3
368,33,2
405,29,3
439,80,4
485,77,3
407,182,4
393,13,3
405,69,3
499,146,3
231,49,3
379,196,3
58,189,3
345,189,3
169,21,3
66,91,3
85,148,3
57,1,4
448,90,2
385,137,4
51,158,2
312,83,4
330,172,2
259,134,4
303,9,3
453,55,3
259,187,4
329,0,3
285,21,4
198,68,3
445,198,3
206,140,2
399,29,3
302,78,3
342,187,3
380,43,3
367,115,2
282,92,4
307,152,3
254,150,4
169,166,4
363,23,3
439,90,3
352,138,3
386,83,5
415,133,4
183,127,3
31,74,3
168,20,3
377,194,3
407,165,4
256,178,4
389,59,3
37,63,4
322,64,3
339,6,4
253,33,4
358,61,3
245,197,3
261,40,4
301,101,3
396,109,3
124,71,3
150,183,3
209,18,4
100,174,3
167,148,2
175,61,3
157,153,3
205,85,4
252,194,3
347,7,3
151,5,3
422,108,3
239,186,3
57,155,3
86,187,3
226,97,3
183,173,3
248,151,3
79,42,3
236,170,3
364,2,4
124,113,3
172,130,3
262,160,3
258,154,2
395,95,2
195,59,3
335,38,2
441,17,3
149,127,3
411,191,2
166,16,2
167,140,3
310,34,4
274,42,3
115,56,3
48,136,4
454,59,3
436,165,3
443,73,3
256,21,4
442,19,3
236,80,4
37,81,3
99,146,3
136,95,2
188,32,3
469,42,3
166,113,4
306,66,3
135,134,3
321,184,3
283,70,3
75,110,3
231,166,3
52,42,3
444,102,3
352,61,3
470,125,3
437,148,3
109,28,3
353,37,4
50,4,3
480,2,3
392,10,3
340,141,3
497,180,3
423,81,3
431,176,3
50,145,3
11,161,3
480,147,3
125,39,3
213,104,3
21,105,3
311,128,3
410,159,3
420,22,3
290,134,3
330,166,3
256,23,3
277,179,3
467,4,3
126,32,3
300,34,4
285,140,1
15,180,3
143,99,3
323,96,3
347,85,4
367,74,4
495,76,3
336,110,3
289,179,4
166,196,3
185,173,3
413,23,2
234,61,4
357,151,4
62,109,3
64,66,3
107,62,2
97,23,3
303,66,3
318,84,2
278,83,4
144,109,3
288,54,3
59,41,3
236,177,3
77,81,3
38,50,3
82,127,3
55,108,2
272,44,3
303,144,3
219,38,4
88,167,3
10,84,4
356,81,4
491,77,3
140,84,2
102,133,3
155,99,3
107,25,3
111,113,3
247,53,3
392,21,3
356,167,3
479,62,3
178,119,4
246,34,3
190,67,3
194,26,3
130,194,3
239,62,3
79,116,3
370,113,3
421,85,3
480,117,4
42,113,3
58,16,3
483,133,3
424,22,4
294,86,3
160,72,3
258,89,3
267,14,4
423,140,3
264,83,3
13,12,4
349,0,3
388,108,2
149,133,3
58,109,3
71,144,4
420,151,3
223,174,3
264,196,3
480,176,3
30,159,4
102,86,3
416,100,2
270,123,4
13,33,3
351,135,3
69,117,3
391,104,3
398,166,4
412,137,3
232,186,3
133,195,3
440,165,3
68,59,3
311,142,3
290,172,3
146,176,3
66,136,3
359,190,3
480,137,3
283,28,3
52,100,3
276,71,3
264,127,2
276,127,4
136,58,3
313,59,4
132,17,3
278,58,4
297,165,3
322,131,3
398,188,3
441,185,2
388,171,3
397,35,4
434,66,3
121,11,3
146,18,3
266,46,2
232,56,3
351,3,3
4,168,3
69,105,3
373,131,4
410,130,3
151,193,3
155,29,3
280,68,4
238,61,3
84,110,3
250,105,3
409,158,4
364,112,3
408,46,4
321,112,2
438,192,3
124,115,4
22,118,3
57,35,3
496,1,4
320,41,3
123,5,3
427,90,3
154,176,3
298,89,3
124,129,2
47,171,2
133,152,3
114,130,4
276,156,3
10,56,3
119,84,4
283,79,3
196,159,2
317,81,3
327,187,4
482,37,3
418,34,3
114,143,3
346,152,3
313,135,3
297,61,3
399,1,4
73,64,3
187,93,3
408,82,3
446,184,4
18,172,3
235,155,3
132,4,3
83,25,4
28,86,2
269,124,3
333,136,4
265,59,3
184,22,3
385,65,4
326,158,3
173,188,3
119,118,2
227,18,3
253,193,3
228,30,3
416,53,3
22,194,3
263,100,4
215,39,3
105,100,3
320,15,3
400,63,4
273,190,3
37,178,4
210,108,3
334,131,3
156,140,4
154,110,4
430,6,3
7,183,2
39,95,3
77,131,4
491,110,3
248,131,3
79,70,4
155,168,3
484,44,3
347,130,3
111,115,2
120,100,3
37,4,3
386,77,3
68,9,3
143,100,3
174,137,3
310,104,3
303,151,2
148,61,3
192,89,3
194,45,3
23,160,3
368,161,3
267,83,4
237,158,3
497,5,3
89,30,3
484,56,3
340,77,3
110,46,3
339,102,3
377,158,3
181,91,2
172,89,3
417,11,3
80,56,4
6,161,3
332,162,3
453,20,3
250,3,3
67,166,2
269,34,3
125,114,3
413,165,3
306,157,3
168,110,3
312,75,3
333,154,3
339,138,3
183,167,3
285,102,4
21,188,4
201,153,3
189,12,3
267,58,3
475,159,4
476,23,3
241,141,3
323,68,3
54,41,3
241,107,3
343,186,3
341,179,3
481,80,3
233,0,3
453,177,3
489,179,4
285,121,1
188,105,3
382,2,3
290,31,3
468,28,3
31,9,3
430,111,3
178,72,3
409,1,3
253,183,2
227,3,4
36,171,2
59,155,3
297,158,4
284,32,3
277,176,3
78,119,3
254,80,4
30,136,3
72,68,3
249,55,3
308,57,2
327,113,3
427,48,3
189,49,2
391,189,3
47,102,3
193,66,3
380,57,4
485,56,3
351,105,3
460,155,3
5,100,3
85,58,4
313,192,3
270,114,3
60,78,3
359,1,4
29,112,3
495,124,2
78,185,3
222,46,3
411,32,3
257,199,3
371,110,3
474,21,3
258,48,3
446,73,3
366,147,4
66,193,3
321,98,3
439,83,3
64,72,3
419,27,3
52,10,3
435,166,3
394,7,3
75,164,3
363,49,3
58,138,3
284,190,3
461,149,3
102,145,3
86,52,3
211,119,3
184,128,4
24,85,3
227,7,2
129,182,3
62,39,4
138,194,3
10,186,3
457,3,3
497,147,3
183,126,3
438,46,3
230,162,3
456,22,3
86,49,4
142,189,3
369,148,4
110,22,4
411,28,3
212,51,3
201,14,2
226,36,3
398,114,3
2,1,1
375,57,2
389,62,3
410,194,3
498,194,3
391,169,3
264,68,3
233,105,3
194,100,3
413,172,3
196,149,3
286,181,2
48,110,3
158,183,5
133,148,4
217,147,3
251,132,3
358,67,3
215,121,3
75,71,3
272,129,3
27,50,3
385,114,3
112,142,3
131,44,3
13,158,3
182,160,3
19,29,2
468,70,3
67,135,3
329,174,3
285,147,2
118,94,3
404,59,3
54,181,3
443,174,4
370,179,4
317,60,3
439,87,2
201,48,4
140,190,3
77,173,4
462,34,3
200,49,3
414,110,3
166,83,3
477,91,3
435,73,3
154,134,3
243,179,3
396,183,3
113,91,2
11,165,3
144,138,3
295,39,3
68,158,4
166,70,3
459,125,3
37,144,3
25,188,4
211,189,3
6,160,3
13,101,3
91,80,3
51,88,3
405,190,3
61,41,3
261,104,4
352,135,3
312,4,3
178,52,3
444,56,3
34,124,3
53,1,5
428,31,3
34,90,2
95,116,3
86,21,2
16,72,3
58,61,3
286,106,3
330,60,2
41,0,2
471,106,3
47,169,3
343,116,3
400,72,3
260,96,4
245,28,3
54,47,3
120,87,3
425,118,4
174,97,3
17,192,4
364,127,3
341,4,2
33,104,3
25,116,3
58,8,3
25,77,3
308,174,3
66,71,3
303,91,2
88,44,3
486,15,3
362,63,2
187,154,3
214,196,3
32,132,4
27,166,3
268,129,2
11,131,3
319,85,3
191,12,3
69,82,3
267,172,3
276,107,3
373,152,3
98,10,3
273,40,3
422,59,2
134,71,3
417,197,3
361,92,3
214,132,3
441,128,3
483,83,3
118,193,3
489,44,3
1,6,2
64,149,3
21,130,3
183,52,3
468,173,3
300,32,3
308,50,4
42,30,3
258,37,3
191,145,4
239,140,4
130,128,3
100,172,2
476,13,4
279,124,3
205,23,3
36,191,3
236,151,3
193,114,3
333,76,3
65,137,4
266,167,3
231,174,3
0,145,3
114,17,3
27,187,3
250,36,3
182,120,3
66,25,3
343,39,3
88,128,3
170,135,3
493,137,4
33,68,3
123,164,3
254,170,3
122,60,3
485,124,3
2,181,2
267,82,3
19,165,3
58,172,3
51,47,3
143,101,2
166,66,3
320,103,3
155,75,3
362,1,2
146,184,3
131,127,3
137,92,4
164,21,4
418,14,3
123,95,3
136,129,4
478,52,3
326,148,3
95,78,3
434,2,3
91,107,3
81,36,3
222,2,4
345,26,3
94,56,3
376,102,3
78,197,3
390,43,3
47,11,3
232,38,3
320,63,3
132,41,3
306,64,3
344,193,3
325,75,3
198,126,3
365,26,3
163,49,3
366,83,4
459,92,3
408,2,4
366,128,4
383,60,4
402,64,3
144,120,3
360,189,4
99,172,3
179,195,3
467,82,3
141,23,3
421,43,3
211,68,3
104,60,3
48,41,3
274,30,2
225,37,3
255,131,3
21,98,3
134,7,4
1,112,3
151,168,3
465,85,3
76,63,3
344,54,3
2,75,3
280,55,3
170,198,3
98,68,3
285,184,2
139,170,3
445,15,3
424,98,3
326,131,3
319,84,3
301,91,3
367,98,3
230,137,2
484,58,3
172,119,3
4,48,3
349,177,3
331,16,3
490,13,3
197,7,4
212,69,3
281,121,3
196,197,3
392,90,3
214,36,3
212,25,3
112,94,3
495,145,4
263,7,3
353,155,3
179,134,3
486,163,3
185,155,4
496,133,4
215,138,3
11,37,3
18,27,3
263,121,2
193,123,2
405,155,3
308,61,3
330,173,3
99,49,3
44,147,3
10,81,4
359,156,3
64,154,3
131,51,3
353,33,3
311,6,4
390,17,3
305,165,3
23,156,3
419,101,4
107,114,3
68,65,3
439,38,4
97,2,3
268,134,3
242,7,3
384,21,4
22,158,4
53,116,4
207,97,3
236,43,3
394,29,3
302,93,4
489,106,3
229,33,2
482,46,2
494,22,4
25,84,3
252,55,3
211,44,3
249,109,3
154,99,4
279,42,3
246,139,4
93,68,3
144,68,3
73,95,3
421,27,3
338,84,2
193,116,4
197,25,3
39,112,3
144,7,3
462,120,4
15,7,3
73,35,3
423,70,2
260,122,3
244,93,3
374,26,3
172,77,3
190,157,3
315,18,3
299,143,3
451,77,3
123,0,3
138,138,3
77,5,3
332,73,3
266,39,4
173,116,3
347,11,3
188,18,3
97,106,3
269,198,3
218,7,3
202,92,4
222,160,4
457,58,4
107,98,3
137,167,3
282,145,4
23,58,4
72,150,3
283,135,4
254,101,3
326,88,3
56,185,3
426,174,3
242,198,3
77,135,4
155,71,3
113,21,2
226,25,3
234,190,3
216,72,4
230,22,3
453,44,3
479,4,3
244,106,3
481,118,3
409,75,3
112,96,3
219,191,2
176,152,3
48,15,3
37,54,3
311,150,3
210,107,3
412,150,4
334,67,3
42,7,3
419,156,3
248,157,3
282,127,3
482,80,4
320,1,3
11,145,3
88,132,3
213,133,3
18,34,3
83,146,3
395,144,3
71,171,3
83,113,2
252,146,3
45,80,4
127,139,3
468,138,4
315,155,3
481,171,3
177,0,3
119,158,4
189,109,3
87,103,4
416,144,3
92,91,3
102,82,3
231,160,3
214,157,3
156,41,3
178,165,3
147,65,3
456,27,3
290,175,3
459,47,3
493,40,4
325,53,3
412,98,3
55,33,3
474,31,3
241,78,4
356,43,2
122,38,3
47,182,3
442,119,4
224,2,3
69,20,3
329,162,3
27,53,3
225,30,5
352,133,3
360,167,3
226,79,3
184,148,3
419,84,3
92,21,2
37,159,3
78,183,3
400,196,3
234,20,4
18,113,4
84,124,3
14,15,3
407,190,4
230,20,2
34,53,3
110,193,3
308,111,3
296,135,3
409,98,3
12,150,3
34,16,4
17,135,3
197,13,3
363,35,3
331,101,3
105,89,3
328,30,5
328,159,3
95,60,3
374,173,3
211,2,2
29,47,4
384,119,2
134,31,3
378,114,3
194,191,4
230,26,3
43,50,3
498,95,4
419,145,3
97,27,3
280,46,3
390,47,3
252,123,3
105,16,2
484,131,4
134,85,4
167,65,4
185,172,2
445,163,3
250,160,3
359,177,3
450,46,4
464,171,3
428,35,3
453,66,4
474,111,4
495,148,3
321,115,4
65,111,3
56,75,3
398,118,3
158,95,4
402,95,3
467,117,4
322,120,3
382,65,3
139,27,3
217,59,3
482,81,3
408,32,4
102,35,3
249,56,4
421,147,3
260,25,3
301,194,3
80,42,3
169,78,3
361,156,2
421,40,3
44,109,3
38,157,3
346,4,3
223,5,3
424,157,3
34,52,3
174,181,2
17,185,3
354,176,3
428,199,3
78,164,3
161,76,4
422,198,3
20,69,3
476,117,4
443,1,2
76,192,2
69,118,3
5,70,3
252,62,3
32,104,3
265,172,3
175,109,3
353,158,2
440,42,3
244,155,3
320,146,3
300,179,3
492,11,3
115,76,3
119,17,4
189,80,4
368,151,4
432,128,3
139,150,3
54,147,4
304,198,3
298,175,3
187,117,4
92,175,5
424,9,3
423,144,3
373,104,3
289,191,3
130,100,3
201,35,3
34,144,3
124,190,4
225,3,2
218,12,3
40,132,3
478,111,4
134,109,3
254,18,4
232,114,3
234,113,3
422,169,4
433,69,3
189,16,4
132,113,3
213,129,3
280,56,3
168,146,3
230,187,4
75,34,3
291,114,3
356,138,3
263,3,3
436,35,3
497,79,3
452,27,3
46,71,3
440,29,3
166,179,3
225,119,3
205,65,2
142,155,3
438,3,4
318,119,3
483,136,3
477,161,3
209,44,2
363,118,4
251,153,3
247,159,4
369,35,3
344,195,3
455,54,3
386,78,4
311,38,3
459,29,3
51,51,2
381,27,3
196,146,3
216,119,3
390,78,2
136,109,3
441,120,3
249,36,3
174,59,2
164,176,3
210,2,3
471,191,3
51,192,4
253,50,3
417,64,3
236,41,3
283,112,4
174,42,3
319,77,3
459,193,3
260,170,4
216,80,3
64,119,3
472,4,3
450,101,4
179,94,3
312,79,3
216,18,3
117,167,4
102,81,3
191,94,2
276,80,3
61,99,3
351,129,3
228,152,4
440,109,3
139,33,3
25,174,3
156,56,3
160,7,3
351,154,3
421,77,3
142,4,2
321,162,3
102,60,3
181,195,3
148,175,3
336,9,3
437,138,3
126,120,3
145,34,3
410,68,3
231,98,3
256,29,3
352,144,3
68,55,3
435,187,3
329,126,3
216,23,3
376,4,3
305,29,3
86,99,3
93,156,3
438,30,3
259,141,3
137,9,3
71,53,3
459,165,3
488,155,3
196,106,3
209,58,3
68,156,2
274,16,3
313,141,2
492,140,4
159,150,3
98,43,3
188,39,4
300,78,3
379,23,3
230,113,3
396,47,3
231,112,3
77,60,4
10,190,3
278,63,3
269,174,3
406,35,3
438,16,2
80,37,3
157,83,4
103,180,3
53,35,3
1,156,4
41,139,4
262,68,3
75,67,3
97,189,3
58,142,3
362,47,4
317,182,3
481,81,3
55,15,3
104,162,3
227,173,3
324,88,3
65,140,3
105,46,2
210,170,3
9,73,3
197,53,2
379,100,4
263,53,3
217,124,3
243,149,3
473,81,3
260,156,4
267,86,3
465,194,3
78,52,4
47,140,2
159,188,2
101,43,3
59,39,3
439,173,3
307,180,5
345,149,3
59,94,3
170,82,2
310,133,4
263,149,3
347,55,3
334,1,4
206,14,3
391,68,3
129,136,3
40,88,3
456,123,3
11,93,3
141,50,3
57,149,3
115,144,3
197,192,4
64,165,3
233,75,4
463,140,3
68,70,4
463,174,4
205,122,3
296,166,3
220,56,3
158,2,2
54,28,3
296,106,3
458,192,3
260,125,2
299,161,3
321,93,3
60,188,3
434,172,3
157,3,4
435,118,3
427,87,3
287,186,3
373,132,3
247,27,3
349,27,3
455,23,3
313,60,3
418,13,3
400,52,3
406,153,3
112,157,3
9,99,3
76,139,4
124,188,2
345,10,3
254,180,4
234,144,3
4,77,3
341,89,3
182,87,2
380,31,3
56,46,3
147,59,3
27,1,4
142,100,3
461,95,4
245,65,3
219,35,3
136,193,4
132,135,3
333,94,3
492,144,3
373,74,3
368,43,3
236,134,3
49,154,3
361,130,3
404,113,3
255,0,2
45,127,2
356,123,3
460,82,4
112,48,3
79,195,3
369,75,3
165,54,3
357,141,3
351,96,4
133,111,3
21,129,4
277,73,4
203,30,2
427,33,4
178,187,3
124,101,3
430,83,3
367,63,2
309,144,3
476,182,3
391,153,3
433,106,3
399,95,3
200,173,3
31,171,2
303,78,3
382,192,4
495,165,3
340,169,3
284,11,3
287,26,3
57,59,4
3,152,2
22,15,3
452,16,3
395,6,4
130,38,4
211,183,3
241,144,3
123,143,3
211,58,3
173,125,2
347,155,3
378,106,3
49,171,4
232,113,3
495,64,4
434,127,3
396,188,3
367,165,3
2,99,3
487,119,3
367,195,3
444,149,3
454,100,4
127,56,3
6,181,4
329,195,3
229,14,4
10,6,3
135,23,3
495,77,4
181,31,4
130,176,4
327,182,4
332,36,3
166,165,3
424,28,3
290,157,3
80,73,4
162,8,3
423,85,3
44,164,3
6,186,3
328,24,3
220,167,3
126,58,3
236,92,3
91,21,4
187,194,3
116,158,3
293,128,3
336,145,3
457,174,3
33,28,3
132,7,3
289,97,4
266,98,4
438,5,3
459,132,3
386,1,5
99,158,4
449,163,3
471,23,3
125,174,3
23,109,3
340,172,4
294,139,3
444,131,3
287,6,3
380,138,3
393,89,3
4,169,3
74,136,3
390,14,2
89,177,3
103,12,3
376,59,3
102,43,3
74,194,2
6,30,3
318,44,3
365,130,3
452,18,3
325,78,3
378,124,3
105,142,4
170,174,3
151,163,3
32,103,4
484,60,3
120,52,3
224,198,3
178,121,4
22,181,3
451,86,3
109,97,3
50,165,3
171,144,3
71,40,2
94,42,3
151,152,4
135,5,3
13,165,3
6,185,2
256,4,4
116,126,3
41,15,3
145,72,3
137,67,3
212,103,3
496,183,4
153,92,4
352,79,3
384,18,3
25,177,3
250,62,4
224,92,3
253,18,3
85,57,3
232,110,3
61,180,3
472,65,3
293,112,3
17,175,4
252,72,3
463,58,4
371,8,3
136,181,4
446,22,3
92,43,3
123,27,3
77,141,3
461,72,3
358,140,2
258,121,4
333,3,3
129,61,4
35,0,3
422,13,3
482,94,3
17,52,2
25,17,3
279,81,3
21,90,3
360,198,3
472,132,4
139,78,3
147,94,3
431,17,4
178,77,3
120,116,3
42,4,4
419,183,3
462,103,3
39,157,3
401,55,3
79,167,3
69,73,4
190,185,3
218,104,3
427,127,3
349,40,3
72,198,3
292,38,3
437,6,4
331,87,3
114,166,4
64,184,3
226,171,3
236,110,3
176,183,2
54,98,4
59,95,3
264,36,2
472,157,3
298,63,4
219,39,4
465,73,4
345,120,3
358,54,4
287,71,3
381,66,3
250,119,3
308,135,3
376,28,3
449,69,3
147,129,3
349,43,3
15,13,3
266,64,3
449,135,3
322,132,2
303,135,3
178,38,4
216,148,3
114,113,3
312,25,3
99,70,3
221,163,3
469,86,3
378,137,3
207,149,3
484,6,3
479,67,3
176,158,2
410,93,3
473,115,3
